alpha,beta,p,distance_to_best,mean,stddev
0.0,1.0,0.0,7159.35637148852,15184.73605722134,449.55193059450914
0.0,1.0,0.1,7159.35637148852,15216.316826854141,441.9505621140975
0.0,1.0,0.2,7159.35637148852,14879.928016615582,313.3988382416969
0.0,1.0,0.30000000000000004,7159.35637148852,14843.357571735643,275.4588821238879
0.0,1.0,0.4,7190.021546540851,15117.515883139997,331.7981347497106
0.0,1.0,0.5,7159.35637148852,15191.959398524077,464.3128463027895
0.0,1.0,0.6,7190.021546540851,14983.757925678341,323.21512999061315
0.0,1.0,0.7,7159.35637148852,15161.508337939129,450.7841166670188
0.0,1.0,0.7999999999999999,7238.426566493632,15334.619763259972,323.5656753271099
0.0,1.0,0.8999999999999999,7159.35637148852,15096.54237046634,362.08342600906985
0.0,2.0,0.0,2901.1451130811474,10636.432746323364,224.62991547852533
0.0,2.0,0.1,2901.1451130811474,10662.287563835474,235.86096596230985
0.0,2.0,0.2,2901.1451130811474,10765.743678451077,238.56124588017025
0.0,2.0,0.30000000000000004,2901.1451130811474,10650.095659436505,204.761548602296
0.0,2.0,0.4,2901.1451130811474,10727.903895747217,252.42715683972574
0.0,2.0,0.5,2901.1451130811474,10822.989488913885,293.69934505022866
0.0,2.0,0.6,2901.1451130811474,10702.70976686255,250.85514997939077
0.0,2.0,0.7,2901.1451130811474,10762.357383388466,282.37227732015447
0.0,2.0,0.7999999999999999,2996.90445431626,10740.643251939717,165.36436819945857
0.0,2.0,0.8999999999999999,3089.6246307764177,10740.342228944515,155.65637536480398
0.0,3.0,0.0,1535.586856065438,9108.301824574426,46.90139171808107
0.0,3.0,0.1,1459.5162125033821,9081.11267323018,96.25966716732752
0.0,3.0,0.2,1459.5162125033821,9107.711813215928,110.8329094285853
0.0,3.0,0.30000000000000004,1459.5162125033821,9047.158598640615,41.66560744287317
0.0,3.0,0.4,1535.586856065438,9116.10412464028,45.8791809991726
0.0,3.0,0.5,1535.586856065438,9116.259795512035,45.79919660020742
0.0,3.0,0.6,1459.5162125033821,9137.293606029403,114.11634595122175
0.0,3.0,0.7,1459.5162125033821,9102.052186699415,88.78484849762722
0.0,3.0,0.7999999999999999,1535.586856065438,9148.349449048315,88.98279901585491
0.0,3.0,0.8999999999999999,1459.5162125033821,9057.109506932806,50.898382937766705
0.0,4.0,0.0,743.427082138327,8295.71543051825,19.92284328703126
0.0,4.0,0.1,743.427082138327,8356.292547437379,84.26453505476945
0.0,4.0,0.2,749.2255674923017,8367.279897485252,87.42988409725228
0.0,4.0,0.30000000000000004,743.427082138327,8369.513765762696,120.75726163092797
0.0,4.0,0.4,743.427082138327,8294.842167662591,11.029574787235967
0.0,4.0,0.5,743.427082138327,8299.322419926822,24.758355086851946
0.0,4.0,0.6,743.427082138327,8330.252001528159,58.436626273543624
0.0,4.0,0.7,743.427082138327,8330.252001528159,58.436626273543624
0.0,4.0,0.7999999999999999,749.2255674923017,8335.962509878367,54.20291622357743
0.0,4.0,0.8999999999999999,743.427082138327,8390.563801626071,95.24062205215685
0.0,5.0,0.0,491.7461985175996,8071.003611848788,29.986923309435966
0.0,5.0,0.1,465.52121851098036,8058.024658814857,65.05618618852361
0.0,5.0,0.2,451.97072202429354,8037.607674964309,31.42710080048218
0.0,5.0,0.30000000000000004,465.52121851098036,8031.927953816516,15.522588911998385
0.0,5.0,0.4,451.97072202429354,8040.421885463584,69.77030222211977
0.0,5.0,0.5,451.97072202429354,8038.586944749749,42.55810253735831
0.0,5.0,0.6,465.52121851098036,8026.613433701862,13.39778934197058
0.0,5.0,0.7,451.97072202429354,8038.892013595112,46.6880882531101
0.0,5.0,0.7999999999999999,451.97072202429354,8027.420454633249,44.0409730867956
0.0,5.0,0.8999999999999999,451.97072202429354,8018.273084139214,16.86219653337676
0.0,6.0,0.0,135.83820642920364,7749.959473643491,82.31496559463112
0.0,6.0,0.1,251.73238112705894,7834.193870108948,55.40417556406903
0.0,6.0,0.2,135.83820642920364,7829.920264709999,113.92654959209928
0.0,6.0,0.30000000000000004,135.83820642920364,7745.438923664708,79.809509329829
0.0,6.0,0.4,135.83820642920364,7773.239281373474,138.3057257625558
0.0,6.0,0.5,135.83820642920364,7806.66396902473,135.0313634825774
0.0,6.0,0.6,135.83820642920364,7793.294078678607,117.66905380995159
0.0,6.0,0.7,135.83820642920364,7797.644134131022,112.4622547702595
0.0,6.0,0.7999999999999999,135.83820642920364,7856.791476473245,132.95504810936606
0.0,6.0,0.8999999999999999,135.83820642920364,7753.346186328574,73.1152530258068
0.0,7.0,0.0,135.83820642920364,7769.178484782516,67.74578262122695
0.0,7.0,0.1,135.83820642920364,7774.734581346394,67.32782777707754
0.0,7.0,0.2,135.83820642920364,7749.052228412864,97.63805909423506
0.0,7.0,0.30000000000000004,135.83820642920364,7756.3467239617885,57.00507921668547
0.0,7.0,0.4,230.45181148260872,7829.415893001709,54.10504000713491
0.0,7.0,0.5,135.83820642920364,7774.734581346394,67.32782777707756
0.0,7.0,0.6,135.83820642920364,7753.4887340565165,74.83704496898264
0.0,7.0,0.7,247.32572629371134,7835.8134811897335,40.50100161381148
0.0,7.0,0.7999999999999999,135.83820642920364,7777.282694743223,63.14684080944363
0.0,7.0,0.8999999999999999,135.83820642920364,7751.384172717633,56.38712966120022
0.0,8.0,0.0,212.37411836606952,7812.991012488972,39.66689153783808
0.0,8.0,0.1,212.37411836606952,7824.777602367762,40.28953835552875
0.0,8.0,0.2,247.32572629371134,7836.780773333039,52.363958991694325
0.0,8.0,0.30000000000000004,212.37411836606952,7812.036056517881,52.81160328604453
0.0,8.0,0.4,247.32572629371134,7831.330469351471,23.834350620550193
0.0,8.0,0.5,294.4622408486521,7850.782953380555,18.852689130197852
0.0,8.0,0.6,212.37411836606952,7804.851537486949,46.14711440166995
0.0,8.0,0.7,247.32572629371134,7831.647159205443,24.54448179030573
0.0,8.0,0.7999999999999999,247.32572629371134,7820.00675929088,28.189490230364687
0.0,8.0,0.8999999999999999,212.37411836606952,7778.401034984217,37.38746629382338
0.0,9.0,0.0,127.99359354355147,7718.394816342371,62.70084638059287
0.0,9.0,0.1,87.25675361358117,7671.4904132032525,42.78715109967433
0.0,9.0,0.2,54.42239478142892,7687.662308068173,57.42323151530143
0.0,9.0,0.30000000000000004,54.42239478142892,7677.113229711673,82.56672448589589
0.0,9.0,0.4,127.99359354355147,7696.285748315239,29.906863853050105
0.0,9.0,0.5,54.42239478142892,7645.428648478502,56.33988795734387
0.0,9.0,0.6,54.42239478142892,7704.949937705665,69.5983811777055
0.0,9.0,0.7,127.99359354355147,7707.252450790724,52.67980466898847
0.0,9.0,0.7999999999999999,54.42239478142892,7708.157780699305,102.86756520291982
0.0,9.0,0.8999999999999999,54.42239478142892,7665.256243441798,44.12756234742714
0.1,1.0,0.0,6521.845313627382,15024.365804159232,607.5969667621725
0.1,1.0,0.1,6762.240759284074,14841.270374914813,417.70912488020156
0.1,1.0,0.2,6811.691915082161,15017.527516747807,424.6024349087256
0.1,1.0,0.30000000000000004,6766.612183186569,14712.068889224289,237.01398818483653
0.1,1.0,0.4,7354.6639043298765,15004.750194692993,101.9263992045522
0.1,1.0,0.5,6515.24863973494,14652.935862863842,536.1291372326601
0.1,1.0,0.6,7130.788585594921,15091.079045022101,263.88859651081344
0.1,1.0,0.7,7509.7386840935615,15317.14076187704,181.76502251960824
0.1,1.0,0.7999999999999999,6245.533867079661,14826.773435449826,665.266999851652
0.1,1.0,0.8999999999999999,7248.863651957618,15102.032164433887,237.10035862657483
0.1,2.0,0.0,2944.5389931552254,10846.304307295322,220.54497024882804
0.1,2.0,0.1,2889.660677627453,10732.528467550437,218.07272951187775
0.1,2.0,0.2,2944.5389931552254,10795.06090674571,200.2805714216026
0.1,2.0,0.30000000000000004,2917.095540062419,10700.62386107107,274.71052127923826
0.1,2.0,0.4,2932.95769479529,10646.608282411184,177.70404324573198
0.1,2.0,0.5,2582.5572007356714,10539.361852377411,358.1969332378773
0.1,2.0,0.6,2718.938703076301,10691.710149442359,346.0762379361183
0.1,2.0,0.7,2859.7141281776057,10617.275882841746,152.85315514341121
0.1,2.0,0.7999999999999999,2590.3505619153,10596.569744856462,351.882160243892
0.1,2.0,0.8999999999999999,2901.1451130811474,10713.919461214075,205.381557112755
0.1,3.0,0.0,1518.7625845006169,9120.635157666107,58.94293924766974
0.1,3.0,0.1,1255.7606881868796,8963.649736895757,179.40267493172377
0.1,3.0,0.2,1179.0809088766528,8935.42909601867,225.9337063957535
0.1,3.0,0.30000000000000004,1322.6574837830758,9049.530838612769,171.2238766097813
0.1,3.0,0.4,1302.1003273198912,8966.990536754844,111.21218934751974
0.1,3.0,0.5,1412.198535217125,9052.72640745268,112.69444371647208
0.1,3.0,0.6,1376.9891642610146,9030.946302693468,90.72004235590344
0.1,3.0,0.7,1352.0524274263134,9103.600398314355,131.5724320062132
0.1,3.0,0.7999999999999999,1331.5526785560796,9077.348073431562,162.0709183840596
0.1,3.0,0.8999999999999999,1459.5162125033821,9103.486745933244,84.48021996899425
0.1,4.0,0.0,749.2255674923017,8388.505375813822,73.27881829987771
0.1,4.0,0.1,496.41712950251804,8391.37837539929,211.62018279679808
0.1,4.0,0.2,778.0978999197141,8402.18325608886,105.12675223252344
0.1,4.0,0.30000000000000004,567.9166628382764,8326.046597618306,198.78474725271727
0.1,4.0,0.4,428.4652636836463,8209.333111229604,205.88514715061422
0.1,4.0,0.5,729.8733436118491,8332.92362790456,36.127883547099074
0.1,4.0,0.6,642.2199082988736,8375.218650539167,135.20255088176827
0.1,4.0,0.7,562.6227970005084,8293.238375241823,116.744177238354
0.1,4.0,0.7999999999999999,562.6227970005084,8279.483896095699,138.3200244056974
0.1,4.0,0.8999999999999999,562.6227970005084,8284.450563090426,110.16843047487609
0.1,5.0,0.0,451.97072202429354,8055.606043733667,45.10163997676961
0.1,5.0,0.1,481.7591149423406,8151.352486312954,94.21466672650143
0.1,5.0,0.2,533.2000763006063,8171.388516464478,56.05749690697084
0.1,5.0,0.30000000000000004,481.7591149423406,8065.078705278078,58.374270073786526
0.1,5.0,0.4,537.4946288259189,8118.114441748337,28.892500215672236
0.1,5.0,0.5,513.3523760753433,8083.855541842052,21.458875105272504
0.1,5.0,0.6,519.0254652472349,8109.385353811492,54.550994980961995
0.1,5.0,0.7,482.26431273893104,8061.960143038386,51.35799037526805
0.1,5.0,0.7999999999999999,344.0009589970432,8055.296915500185,106.96692442571022
0.1,5.0,0.8999999999999999,444.3248683558695,8027.484387400855,40.261676350087455
0.1,6.0,0.0,251.73238112705894,7896.146182375855,59.20799391661521
0.1,6.0,0.1,163.92256450442073,7895.2203819063425,114.34407107363182
0.1,6.0,0.2,163.92256450442073,7826.459989873121,123.70347981829235
0.1,6.0,0.30000000000000004,163.92256450442073,7847.417841096925,103.7132592923186
0.1,6.0,0.4,135.83820642920364,7762.063898917592,117.68755374857096
0.1,6.0,0.5,135.83820642920364,7863.516037089125,135.146037020625
0.1,6.0,0.6,135.83820642920364,7866.504942021215,131.92613916257864
0.1,6.0,0.7,135.83820642920364,7797.29321392434,152.02313727985816
0.1,6.0,0.7999999999999999,251.73238112705894,7872.584985180096,89.54594531586386
0.1,6.0,0.8999999999999999,250.6947350377559,7897.7372490863345,95.71026445416133
0.1,7.0,0.0,261.49919845777004,7853.80553624325,28.339031646937404
0.1,7.0,0.1,267.0538518621761,7861.069196240722,62.10558978996082
0.1,7.0,0.2,267.0538518621761,7880.068112889539,42.963002704603575
0.1,7.0,0.30000000000000004,267.0538518621761,7886.345082641183,61.13814537720879
0.1,7.0,0.4,135.83820642920364,7847.123572841617,95.44505490500326
0.1,7.0,0.5,135.83820642920364,7809.432831559219,101.71171895273355
0.1,7.0,0.6,135.83820642920364,7814.870549282434,83.03818811905701
0.1,7.0,0.7,135.83820642920364,7750.971593856438,109.57119496795869
0.1,7.0,0.7999999999999999,230.45181148260872,7845.084011477675,46.53587795390197
0.1,7.0,0.8999999999999999,135.83820642920364,7797.29087409127,95.70437384733336
0.1,8.0,0.0,127.99359354355147,7736.963050301253,58.01206145416646
0.1,8.0,0.1,255.92840076067932,7833.249004096138,19.864783194316878
0.1,8.0,0.2,249.67194344761083,7810.274703720719,11.942344625502601
0.1,8.0,0.30000000000000004,241.06649794432815,7800.781276850183,26.05686801377326
0.1,8.0,0.4,241.06649794432815,7809.066609606088,29.45205239495694
0.1,8.0,0.5,135.83820642920364,7789.222523537125,92.93321086153925
0.1,8.0,0.6,138.46268237748154,7789.290876655721,72.11598439896659
0.1,8.0,0.7,245.04513532751844,7817.949352204149,37.85097928074855
0.1,8.0,0.7999999999999999,135.83820642920364,7825.738360868289,89.80825742932603
0.1,8.0,0.8999999999999999,76.02838051365416,7782.922509716105,95.22788147699475
0.1,9.0,0.0,115.52612866692107,7682.277907274732,26.327653408337195
0.1,9.0,0.1,172.01020329719358,7768.497898290415,81.54542467519043
0.1,9.0,0.2,158.63653252537006,7768.9764805347895,58.65037214880907
0.1,9.0,0.30000000000000004,157.24548385937942,7781.867715841377,50.175006070261
0.1,9.0,0.4,179.71240281474002,7797.516288251347,48.116488145925935
0.1,9.0,0.5,87.25675361358117,7751.755276131792,70.16827224365687
0.1,9.0,0.6,87.25675361358117,7764.561685532526,82.8182995832497
0.1,9.0,0.7,157.24548385937942,7774.659597420723,67.55427828685981
0.1,9.0,0.7999999999999999,157.24548385937942,7721.026059390041,13.07264859595704
0.1,9.0,0.8999999999999999,87.25675361358117,7714.7338588804,84.34575387327988
0.2,1.0,0.0,7126.7544073600075,15087.33161385853,376.715453858185
0.2,1.0,0.1,6405.832665496731,14509.352184027495,447.4337449432402
0.2,1.0,0.2,6961.364864709809,14827.237068131792,225.49929315423844
0.2,1.0,0.30000000000000004,6802.179149435629,14882.268652564098,417.1352382320587
0.2,1.0,0.4,6395.436719572292,14349.1725740332,494.2493149602903
0.2,1.0,0.5,6093.1261746150485,14599.050859629704,577.735924475009
0.2,1.0,0.6,7279.182993743903,15016.6424370506,206.86192304178138
0.2,1.0,0.7,6456.68866082963,14626.302613883738,389.5491459905054
0.2,1.0,0.7999999999999999,6730.482486224069,14820.990972460188,343.2913976573679
0.2,1.0,0.8999999999999999,7016.704214418291,14962.328007772772,302.3269045640201
0.2,2.0,0.0,2910.3141005817215,10836.93886020298,367.72857882140005
0.2,2.0,0.1,2377.248104336817,10523.58545849409,384.8959420432571
0.2,2.0,0.2,2510.3754461790977,10471.819621299352,330.4697124445039
0.2,2.0,0.30000000000000004,2798.9279188688633,10686.52312869693,259.4259912043091
0.2,2.0,0.4,2848.5350636790718,10665.136869318734,238.55162620692832
0.2,2.0,0.5,3016.312029002056,10647.579304992123,88.57556604006841
0.2,2.0,0.6,2904.0444971001143,10735.650562792907,281.54716354280055
0.2,2.0,0.7,2901.1451130811474,10701.85666003473,158.27817852383453
0.2,2.0,0.7999999999999999,2719.141142162902,10717.488920222404,276.46868203891574
0.2,2.0,0.8999999999999999,3089.285174794404,10749.328689602184,137.54846795940645
0.2,3.0,0.0,1539.104578569726,9196.668484692063,91.73048686199985
0.2,3.0,0.1,1318.4720062364268,9004.309204196215,93.56963285784725
0.2,3.0,0.2,1195.027791304561,9088.3234314583,230.65718519621348
0.2,3.0,0.30000000000000004,1300.0577040404332,8988.246640391015,101.2384243050821
0.2,3.0,0.4,1410.6218274830098,9125.606451412905,133.57155778849466
0.2,3.0,0.5,1284.6219570241865,9137.950427598598,181.12677831443224
0.2,3.0,0.6,1495.8867405459387,9128.654445743661,85.06084322431226
0.2,3.0,0.7,1179.0809088766528,8875.860013318446,161.88449009835992
0.2,3.0,0.7999999999999999,1297.501320876423,9091.97692150843,173.29882223517677
0.2,3.0,0.8999999999999999,1193.8176666797954,8960.956842424377,191.021712938769
0.2,4.0,0.0,377.38128772837445,8244.010293920543,222.3866899238469
0.2,4.0,0.1,803.7796992289914,8528.414532237332,104.18162354757047
0.2,4.0,0.2,496.41712950251804,8307.177186961784,168.1425151401707
0.2,4.0,0.30000000000000004,496.41712950251804,8415.089676337257,225.04621659120144
0.2,4.0,0.4,626.5810654924226,8416.538989956052,170.7487705059086
0.2,4.0,0.5,740.9893097144668,8349.40343324521,91.25516274981231
0.2,4.0,0.6,496.41712950251804,8306.396316753466,159.7372496337791
0.2,4.0,0.7,496.41712950251804,8377.451505459836,200.45917676796265
0.2,4.0,0.7999999999999999,570.8463152761233,8226.266888011472,78.23475690351304
0.2,4.0,0.8999999999999999,691.3008393205564,8371.056495102239,126.73713286152534
0.2,5.0,0.0,496.41712950251804,8098.357523500558,55.79654467147154
0.2,5.0,0.1,730.5525205439062,8338.326525715609,58.934627079077515
0.2,5.0,0.2,484.7912751693175,8149.559934511589,86.44538647188807
0.2,5.0,0.30000000000000004,571.7607020340192,8193.530305265593,50.943079631124796
0.2,5.0,0.4,481.7591149423406,8152.374592124218,75.10535401372398
0.2,5.0,0.5,566.9624777309245,8158.664268251945,51.47683260264688
0.2,5.0,0.6,477.72676557025625,8065.287245791121,38.79847384943669
0.2,5.0,0.7,484.7912751693175,8140.136200523223,95.36879344789885
0.2,5.0,0.7999999999999999,497.8642448725732,8092.265388553778,51.49509411172674
0.2,5.0,0.8999999999999999,508.1369930085748,8085.681316176981,40.22320661031227
0.2,6.0,0.0,297.4299674472695,7912.045212659285,50.234991297649565
0.2,6.0,0.1,516.0285925744447,8149.361874593931,54.45186176482422
0.2,6.0,0.2,419.9643703265665,8016.417628488485,77.77179178567138
0.2,6.0,0.30000000000000004,425.03674670971486,8018.5119876011395,65.78630922482341
0.2,6.0,0.4,308.27969088662576,7997.228967857476,102.06742345780336
0.2,6.0,0.5,308.27969088662576,7986.372684364751,106.40969952590842
0.2,6.0,0.6,394.9903712092464,8015.960804252926,47.19156478531125
0.2,6.0,0.7,427.97151196660525,8010.336331628085,49.26788563820496
0.2,6.0,0.7999999999999999,318.3438155042686,7958.990520867096,60.37345128003709
0.2,6.0,0.8999999999999999,389.9908659818884,7959.96507304831,15.74691666825243
0.2,7.0,0.0,135.83820642920364,7803.580212083216,98.9679843664153
0.2,7.0,0.1,437.48008378403847,8033.223055772091,42.736579133228844
0.2,7.0,0.2,392.8089151981949,8011.639086287548,72.83901243484966
0.2,7.0,0.30000000000000004,301.3592325638647,7951.488511514466,74.04628012552132
0.2,7.0,0.4,395.76221089407227,7995.687149024269,37.34986661674998
0.2,7.0,0.5,415.7238948136055,7999.285780788745,30.252458962520976
0.2,7.0,0.6,329.43285489483696,7933.025803784919,45.3086464389617
0.2,7.0,0.7,377.8584299660397,7951.519677794303,40.91631370144873
0.2,7.0,0.7999999999999999,235.55564781624798,7909.273282293877,74.23776412668578
0.2,7.0,0.8999999999999999,312.77470053428533,7921.160702912468,41.31155388029004
0.2,8.0,0.0,127.99359354355147,7734.494109685694,62.35225196587337
0.2,8.0,0.1,309.66707706537545,7954.771248526974,59.55344041146643
0.2,8.0,0.2,345.88621687891646,7963.548008969033,49.243307036266785
0.2,8.0,0.30000000000000004,293.392243853712,7905.910011040945,49.18294475923109
0.2,8.0,0.4,358.32102787585245,7938.102159369556,26.258478560755204
0.2,8.0,0.5,249.67724855212236,7858.94881226561,68.01329590044824
0.2,8.0,0.6,78.65668657089827,7803.018809412467,108.17444441645944
0.2,8.0,0.7,247.32572629371134,7850.583862295258,56.63018381052474
0.2,8.0,0.7999999999999999,303.5421231474138,7892.651828325095,44.755480695689485
0.2,8.0,0.8999999999999999,236.64330289242935,7844.304149257043,54.134988415302075
0.2,9.0,0.0,29.808727993197863,7709.092481056487,87.91875547601308
0.2,9.0,0.1,303.3630094891596,7893.797381709646,57.11951106333656
0.2,9.0,0.2,249.37563410006987,7856.078290623834,73.37995463371192
0.2,9.0,0.30000000000000004,249.37563410006987,7843.387981035538,70.60862683013056
0.2,9.0,0.4,232.26406306802346,7787.889684683142,11.953823329551692
0.2,9.0,0.5,241.7474394498813,7827.240149425946,49.923523052352095
0.2,9.0,0.6,249.37563410006987,7830.60851480743,33.83551245515188
0.2,9.0,0.7,241.7474394498813,7812.609194013849,24.948062911623353
0.2,9.0,0.7999999999999999,56.769057502275245,7770.671643386489,135.64735071872008
0.2,9.0,0.8999999999999999,241.7474394498813,7795.427091814596,14.77148765261115
0.30000000000000004,1.0,0.0,7256.326264381412,15250.48526464778,389.9243166679169
0.30000000000000004,1.0,0.1,6657.009805015439,14543.627065733284,295.60419134403946
0.30000000000000004,1.0,0.2,6162.720587228623,14511.334313858912,529.3448738060757
0.30000000000000004,1.0,0.30000000000000004,6472.217230991009,14775.34379441762,454.87275388454344
0.30000000000000004,1.0,0.4,6500.148526202871,14523.79487725906,401.7346142244087
0.30000000000000004,1.0,0.5,6008.71350980213,14502.645755373955,560.5536765207905
0.30000000000000004,1.0,0.6,6524.439418074822,14245.52116960785,197.53555839096344
0.30000000000000004,1.0,0.7,7149.225279433002,14773.057838219287,77.41747238478334
0.30000000000000004,1.0,0.7999999999999999,6738.014982207067,14866.09362542135,368.4743029538825
0.30000000000000004,1.0,0.8999999999999999,6979.287476448842,14973.787808978961,311.3461218080442
0.30000000000000004,2.0,0.0,2879.177228035822,10645.336294069448,139.3043253525444
0.30000000000000004,2.0,0.1,2871.508488254887,10653.57570523548,212.54947737399587
0.30000000000000004,2.0,0.2,3046.662186179532,10675.710471185888,92.21123952209132
0.30000000000000004,2.0,0.30000000000000004,3110.2673622901493,10774.843342590784,148.25971551962436
0.30000000000000004,2.0,0.4,2871.5972559199145,10651.329433347697,139.81832543023955
0.30000000000000004,2.0,0.5,2571.492534675621,10488.328435566891,285.4992875066343
0.30000000000000004,2.0,0.6,2797.381295917563,10556.724274006338,134.4838606058088
0.30000000000000004,2.0,0.7,2920.2046488909145,10646.74827807859,145.7419853506108
0.30000000000000004,2.0,0.7999999999999999,2555.3112010519926,10434.19557578608,280.32927977751973
0.30000000000000004,2.0,0.8999999999999999,2957.7094178045954,10670.847318226639,133.90007687489492
0.30000000000000004,3.0,0.0,1345.7062797689123,9158.469557999038,158.05256969288163
0.30000000000000004,3.0,0.1,1396.736133251523,9135.863269690617,174.66642514891922
0.30000000000000004,3.0,0.2,1173.5061078086692,9058.47083808631,193.25562228848204
0.30000000000000004,3.0,0.30000000000000004,1361.096531795387,9158.441003280801,154.97280193094755
0.30000000000000004,3.0,0.4,1465.2345180456432,9109.914614049607,70.5267884595035
0.30000000000000004,3.0,0.5,1222.1901559164726,8952.0860378031,202.98555211151222
0.30000000000000004,3.0,0.6,1438.0849889145993,9148.935628664693,158.63201341205044
0.30000000000000004,3.0,0.7,1405.5076254250325,9048.798637662894,107.23736204251361
0.30000000000000004,3.0,0.7999999999999999,1414.5126219917456,9034.755116265822,61.88836487453541
0.30000000000000004,3.0,0.8999999999999999,1339.910964953844,9082.943274997602,124.17209353917207
0.30000000000000004,4.0,0.0,661.9643989794877,8356.421577632835,122.84102903937563
0.30000000000000004,4.0,0.1,932.1154002961175,8653.689109974655,135.17105222658722
0.30000000000000004,4.0,0.2,839.3889319054197,8476.14719592502,79.94692304601799
0.30000000000000004,4.0,0.30000000000000004,610.3098502211087,8401.045805050853,144.1207926094009
0.30000000000000004,4.0,0.4,740.4482391515085,8497.509303034576,136.5386172599399
0.30000000000000004,4.0,0.5,792.0015198172568,8443.457189536814,65.23931552427379
0.30000000000000004,4.0,0.6,891.333709175371,8493.551152678228,75.97595496376523
0.30000000000000004,4.0,0.7,562.6227970005084,8291.453836533961,151.70495391804835
0.30000000000000004,4.0,0.7999999999999999,808.2677372834696,8390.20615537523,37.05091803082832
0.30000000000000004,4.0,0.8999999999999999,807.095025722816,8402.514084859666,91.43513734150395
0.30000000000000004,5.0,0.0,384.21115620960336,8062.650296918066,96.88309859603619
0.30000000000000004,5.0,0.1,699.1954385572662,8489.011679279152,152.16213990244333
0.30000000000000004,5.0,0.2,699.1954385572662,8426.507235202214,117.79788169700852
0.30000000000000004,5.0,0.30000000000000004,667.3707012951272,8339.710665535062,122.73559594981681
0.30000000000000004,5.0,0.4,707.4645812468007,8372.564206234565,97.98952752301365
0.30000000000000004,5.0,0.5,521.5424899940363,8189.210386118372,105.05634040062398
0.30000000000000004,5.0,0.6,550.2388994385819,8218.00565178466,95.71727353655756
0.30000000000000004,5.0,0.7,553.2663303795807,8178.114829184055,66.45715172250044
0.30000000000000004,5.0,0.7999999999999999,579.6811021461344,8206.550178105743,91.5014891330402
0.30000000000000004,5.0,0.8999999999999999,455.34014138964903,8149.138313591544,115.13651823478803
0.30000000000000004,6.0,0.0,269.6899479122658,7866.335090864641,49.81077703568896
0.30000000000000004,6.0,0.1,705.5812954054109,8324.299275561163,92.34219309278731
0.30000000000000004,6.0,0.2,612.9477015250741,8270.511892437771,100.73866048381241
0.30000000000000004,6.0,0.30000000000000004,583.2187164738225,8250.713270610811,81.57633324251798
0.30000000000000004,6.0,0.4,497.58452807033336,8202.87920164882,119.54153835309116
0.30000000000000004,6.0,0.5,528.5564353488526,8202.879621260587,79.34323510935654
0.30000000000000004,6.0,0.6,542.4903896060878,8136.063133708084,44.64956053675456
0.30000000000000004,6.0,0.7,455.4626351894558,8112.543379576999,95.94184089346878
0.30000000000000004,6.0,0.7999999999999999,386.8106628738715,8049.040913336151,75.73005504799879
0.30000000000000004,6.0,0.8999999999999999,390.7966021017328,8031.355129352803,62.44655648093767
0.30000000000000004,7.0,0.0,284.9623744123419,7869.573485626564,33.85702879926331
0.30000000000000004,7.0,0.1,568.7957967073198,8184.423971892657,69.55328493988101
0.30000000000000004,7.0,0.2,570.1574142806303,8239.924125329708,76.46148482810278
0.30000000000000004,7.0,0.30000000000000004,476.4919581024069,8095.145810205227,102.17777802325018
0.30000000000000004,7.0,0.4,535.5121934479648,8154.022101137617,89.98197278951102
0.30000000000000004,7.0,0.5,491.10304958007873,8117.970067754491,51.959432981117104
0.30000000000000004,7.0,0.6,497.87626127371095,8146.766293514905,79.59257676030444
0.30000000000000004,7.0,0.7,542.5756538804435,8119.261609242316,49.26519340170758
0.30000000000000004,7.0,0.7999999999999999,437.2181489393806,8069.044236870956,54.69031620851388
0.30000000000000004,7.0,0.8999999999999999,431.5009547708969,8058.291828897681,52.705194740412814
0.30000000000000004,8.0,0.0,78.65668657089645,7705.979964719408,56.71958275617757
0.30000000000000004,8.0,0.1,456.68756921598106,8160.999848456434,116.8707677098706
0.30000000000000004,8.0,0.2,472.9706668607978,8092.969343200403,60.72275109465522
0.30000000000000004,8.0,0.30000000000000004,440.8390874579627,8093.183836868683,103.29199652361217
0.30000000000000004,8.0,0.4,418.1881338933217,8061.934388404107,65.34659203303121
0.30000000000000004,8.0,0.5,385.2868461988037,8077.120728031884,119.6387318879847
0.30000000000000004,8.0,0.6,372.6330085868267,8021.189541918859,86.6909775402408
0.30000000000000004,8.0,0.7,473.7757938496907,8118.945520039063,62.38695985908641
0.30000000000000004,8.0,0.7999999999999999,174.3573066244844,7944.919536716096,143.95443420044083
0.30000000000000004,8.0,0.8999999999999999,382.8896778111821,8012.183106629551,60.20889369255497
0.30000000000000004,9.0,0.0,163.72316578594473,7739.1784399354065,34.13745776705491
0.30000000000000004,9.0,0.1,505.04162960616213,8117.433173998979,76.27764660339668
0.30000000000000004,9.0,0.2,414.08849857794394,8003.577183238376,49.92060700879864
0.30000000000000004,9.0,0.30000000000000004,457.1995947343221,8071.137266999599,49.00254023677033
0.30000000000000004,9.0,0.4,417.1685783877201,7983.779250584797,32.99142163594733
0.30000000000000004,9.0,0.5,386.6886975348507,8023.445508144357,80.6321221049818
0.30000000000000004,9.0,0.6,174.3573066244844,7948.262353654397,138.53198257450242
0.30000000000000004,9.0,0.7,164.41840658356523,7927.094906771177,146.64622652693967
0.30000000000000004,9.0,0.7999999999999999,311.72016731567237,7909.265910211429,53.83375869304871
0.30000000000000004,9.0,0.8999999999999999,317.77845833528863,7926.960766750007,58.09001192414752
0.4,1.0,0.0,7092.06487678124,15271.593664657512,478.7938364074781
0.4,1.0,0.1,6236.12572984607,14303.857544325207,381.4852573019583
0.4,1.0,0.2,6248.022299597154,14367.817095414386,351.5119843863627
0.4,1.0,0.30000000000000004,5730.390378372713,14016.574015969518,502.11730651861996
0.4,1.0,0.4,6838.309143910397,14677.662616353913,201.93686379894132
0.4,1.0,0.5,6384.562997590872,14513.240234479139,358.995060083199
0.4,1.0,0.6,6254.640666269461,14396.671104435021,455.0659525798058
0.4,1.0,0.7,6633.203733268392,14812.006820292707,417.114188500289
0.4,1.0,0.7999999999999999,6740.139063471504,14732.91791766154,342.79600390076195
0.4,1.0,0.8999999999999999,7009.7794868414785,14900.115121460976,284.4896508878232
0.4,2.0,0.0,2869.861823715517,10925.954577573459,442.17484404866315
0.4,2.0,0.1,2840.977810248971,10599.734491506186,149.58755269811547
0.4,2.0,0.2,2916.1484894453115,10632.068065675581,148.85129282724236
0.4,2.0,0.30000000000000004,2974.031461849627,10678.66870278126,139.68688597604134
0.4,2.0,0.4,2447.090587770008,10381.190377350953,298.9070711644986
0.4,2.0,0.5,2884.92620716457,10552.812216860264,116.1826543897045
0.4,2.0,0.6,2892.1590781243685,10694.618156013463,234.52863160804228
0.4,2.0,0.7,2868.9977278094193,10627.275703518446,187.2167774629253
0.4,2.0,0.7999999999999999,2920.162637121157,10634.970179046097,135.74376827576495
0.4,2.0,0.8999999999999999,2945.489221879321,10560.710512547927,115.00858099200141
0.4,3.0,0.0,1406.9494230949676,9139.048540891472,237.19103922440155
0.4,3.0,0.1,1555.6089969623063,9343.29555361187,168.2214315428415
0.4,3.0,0.2,1554.8783965320636,9306.648393267586,167.12513755716634
0.4,3.0,0.30000000000000004,1207.5493216511277,9049.313237685094,214.9446647407322
0.4,3.0,0.4,1374.7030692325334,9077.664847532087,169.28468656899548
0.4,3.0,0.5,1389.757023169719,9012.124103197453,64.41268877211685
0.4,3.0,0.6,1413.3699425360483,9039.190472142807,67.8480663246907
0.4,3.0,0.7,1190.5589561339748,8982.86487739295,200.98983178863406
0.4,3.0,0.7999999999999999,1050.0177322576765,8825.814866760624,187.62714063906412
0.4,3.0,0.8999999999999999,1121.2586087996515,8984.453832337522,209.87194180289978
0.4,4.0,0.0,677.3093277976732,8453.505824310258,148.7319935344841
0.4,4.0,0.1,1387.3842869081873,9069.669445169588,102.75387944530976
0.4,4.0,0.2,710.4744073910479,8659.127324648558,261.144828668132
0.4,4.0,0.30000000000000004,955.1666975081989,8638.157446077159,85.96251940292562
0.4,4.0,0.4,987.0034853280868,8586.14018750341,53.87494964423011
0.4,4.0,0.5,718.9351388785417,8447.025335318567,165.15933930370258
0.4,4.0,0.6,748.5466671451395,8489.73204962565,127.27297897991835
0.4,4.0,0.7,822.2282733196862,8517.758765354769,109.00054223774137
0.4,4.0,0.7999999999999999,817.6523850594876,8538.357019510833,128.9782664747995
0.4,4.0,0.8999999999999999,592.6229426399368,8390.423397719638,166.10200911187718
0.4,5.0,0.0,343.51070633370273,8071.814297538689,109.48962641977903
0.4,5.0,0.1,1182.130110988017,8878.380941791711,133.91397047707036
0.4,5.0,0.2,990.7653265530607,8638.824998099033,101.92603595171127
0.4,5.0,0.30000000000000004,982.510467590304,8620.756784833246,82.56500178100315
0.4,5.0,0.4,925.1962393985323,8570.1935018238,65.30660923233584
0.4,5.0,0.5,868.7195960580211,8477.650361321477,47.641295702303935
0.4,5.0,0.6,667.3707012951272,8324.957345403871,116.00601471597795
0.4,5.0,0.7,569.4757577515402,8280.330722256705,135.56885912026453
0.4,5.0,0.7999999999999999,617.8753415215278,8372.310509927069,143.41027893780603
0.4,5.0,0.8999999999999999,601.7863482098201,8258.420890410784,86.32663404020843
0.4,6.0,0.0,377.78910738971354,8015.433637262925,83.01554771910912
0.4,6.0,0.1,1007.6284173035838,8651.014272842991,110.47452400375091
0.4,6.0,0.2,817.0244293781543,8516.333206698206,104.261281911559
0.4,6.0,0.30000000000000004,761.1623202179162,8451.66568041434,134.08908891000306
0.4,6.0,0.4,685.2410050804774,8470.344952492,146.34548231413663
0.4,6.0,0.5,612.9477015250741,8342.193044762556,164.38245091288152
0.4,6.0,0.6,612.9477015250741,8308.194879359407,87.29593643747133
0.4,6.0,0.7,716.9926255764676,8381.839750721549,102.56360160423921
0.4,6.0,0.7999999999999999,746.6330413915239,8316.428030246017,23.95453725371035
0.4,6.0,0.8999999999999999,605.1475929595308,8237.873515020305,51.454288209169064
0.4,7.0,0.0,213.7729837855568,7794.307209089056,35.55961379929609
0.4,7.0,0.1,707.7119301633829,8449.496310859058,123.09108867900198
0.4,7.0,0.2,814.1652422943334,8458.284598814145,76.14005773155257
0.4,7.0,0.30000000000000004,688.9156759520192,8448.001289763602,136.91247413341722
0.4,7.0,0.4,720.454928949528,8368.737032945715,80.32327284049903
0.4,7.0,0.5,658.898412063214,8386.33215295343,121.16716016397078
0.4,7.0,0.6,574.0654105946569,8319.422792903519,116.61100084595842
0.4,7.0,0.7,612.9477015250741,8245.914886701032,113.81613721784045
0.4,7.0,0.7999999999999999,604.2934945761153,8249.650513971546,97.3618843094765
0.4,7.0,0.8999999999999999,660.0875404141207,8230.383082369306,26.108589846275958
0.4,8.0,0.0,178.17435114444925,7784.698166898291,36.960272947454165
0.4,8.0,0.1,571.6684172862351,8368.442949965682,185.1612013962573
0.4,8.0,0.2,758.6368443137653,8342.420930333998,40.35703786084333
0.4,8.0,0.30000000000000004,659.2853606812096,8287.024104768143,55.84750904932678
0.4,8.0,0.4,671.2455099175077,8317.406929702738,78.72662216562857
0.4,8.0,0.5,575.9780127026006,8236.522041590079,106.9397578554539
0.4,8.0,0.6,515.4857856482895,8263.880527627525,116.07679251600257
0.4,8.0,0.7,575.9780127026006,8256.47456896377,110.86617941035152
0.4,8.0,0.7999999999999999,720.454928949528,8313.927084814666,52.004731415553515
0.4,8.0,0.8999999999999999,556.7190111876771,8201.917567484943,82.58725937750029
0.4,9.0,0.0,8.187604686652776,7726.300026866773,135.2797727239041
0.4,9.0,0.1,537.3083400465821,8231.467803756383,107.81535161761022
0.4,9.0,0.2,645.5302166737847,8299.076237509618,64.312530841152
0.4,9.0,0.30000000000000004,613.734559923224,8227.924799479599,53.88305456407998
0.4,9.0,0.4,614.29597720538,8265.716836366866,90.78918472193621
0.4,9.0,0.5,522.7813954788935,8235.094235236611,102.76814285260129
0.4,9.0,0.6,575.9780127026006,8193.793071890595,77.83452743153515
0.4,9.0,0.7,697.6934879256678,8265.142269554155,36.54831882518279
0.4,9.0,0.7999999999999999,568.4983944698079,8216.648113332607,85.50827457578794
0.4,9.0,0.8999999999999999,516.8187810530444,8172.251479199954,92.67245024005261
0.5,1.0,0.0,7418.753032631164,15504.58812216514,344.90348984759316
0.5,1.0,0.1,9627.47612820737,17675.975199074383,482.3185025521944
0.5,1.0,0.2,6842.690260449692,14746.446211481001,220.43335846551176
0.5,1.0,0.30000000000000004,6430.114395872837,14419.778546316018,304.554959192423
0.5,1.0,0.4,6425.832204586957,14671.354923864348,493.57120856118166
0.5,1.0,0.5,6232.020123067157,14456.78456453601,482.21827368658705
0.5,1.0,0.6,6561.122297210901,14457.118386887763,211.46932593419893
0.5,1.0,0.7,6504.17717092788,14571.825625121284,346.40185754446594
0.5,1.0,0.7999999999999999,6171.113942622131,14526.348599764682,584.4482168641798
0.5,1.0,0.8999999999999999,7030.186611520352,14822.37296727218,190.33240890709385
0.5,2.0,0.0,2822.62679305257,10729.51862971393,290.05878398707284
0.5,2.0,0.1,5659.397337122766,13590.522623214752,429.4416683359089
0.5,2.0,0.2,2749.9522581487017,11259.137679729563,578.0109839325021
0.5,2.0,0.30000000000000004,2450.8181322781547,10601.876225259995,399.1152111842365
0.5,2.0,0.4,2059.1147180486914,10461.697821081796,539.6655757940515
0.5,2.0,0.5,2810.994480915786,10549.857914069842,162.92747252796426
0.5,2.0,0.6,2945.0735208623646,10649.181960195858,133.40907429994172
0.5,2.0,0.7,2885.630706684824,10654.88473801448,145.99801877555242
0.5,2.0,0.7999999999999999,2911.0332069261367,10581.285873730061,117.46791378204556
0.5,2.0,0.8999999999999999,2819.2625940037997,10687.374338975857,222.5024120989484
0.5,3.0,0.0,1455.1757037092011,9172.172567812413,128.5252172902108
0.5,3.0,0.1,2325.896881091805,10773.542269161955,510.30650779033783
0.5,3.0,0.2,2617.877034622399,10382.048135086503,149.41036348612025
0.5,3.0,0.30000000000000004,1661.0977104560607,9565.601713690992,311.9478819891074
0.5,3.0,0.4,1784.2800828845811,9459.808681722432,125.72440593833534
0.5,3.0,0.5,1706.4466425460196,9421.436410764869,187.4207958305834
0.5,3.0,0.6,1686.6180201625957,9341.334880639228,101.73478237558876
0.5,3.0,0.7,1212.761970836984,9118.448827145548,242.6207765852521
0.5,3.0,0.7999999999999999,1532.2631921819047,9219.077111329521,135.10924818001115
0.5,3.0,0.8999999999999999,1591.5053822576447,9183.470241841287,49.70517628620738
0.5,4.0,0.0,770.5638049933623,8353.33808997799,46.63427052516869
0.5,4.0,0.1,1905.1736004025806,9948.686305387433,396.9821834709519
0.5,4.0,0.2,2025.1993509800577,9880.01037228116,249.3598961143015
0.5,4.0,0.30000000000000004,1890.912379947411,9670.853099916349,219.22205727951345
0.5,4.0,0.4,1714.3032919581292,9421.431425643375,145.3785017716875
0.5,4.0,0.5,1194.9826764109566,8847.483714783999,84.07544439701374
0.5,4.0,0.6,1240.8961291800133,8954.740967994012,156.33310658743443
0.5,4.0,0.7,971.6717036305818,8687.905077417345,130.14222942646566
0.5,4.0,0.7999999999999999,993.4071519011159,8661.692698953224,135.01657852423642
0.5,4.0,0.8999999999999999,809.827384088856,8605.947927488825,151.33229615698153
0.5,5.0,0.0,437.3653161871416,8069.668671521726,96.45397191070857
0.5,5.0,0.1,1309.9130792505002,9290.688282622878,343.1259746662621
0.5,5.0,0.2,1504.815532141747,9343.764235016482,249.3891304785074
0.5,5.0,0.30000000000000004,1310.3790987430584,9120.848224906395,175.2838093716461
0.5,5.0,0.4,1283.0053357016259,9173.205166297103,306.7732689824922
0.5,5.0,0.5,962.5145802480038,8876.61286683916,219.47800329541283
0.5,5.0,0.6,1069.9868751100385,8861.910788828007,233.58400321379054
0.5,5.0,0.7,974.0245886121993,8710.688464476432,156.09477551553405
0.5,5.0,0.7999999999999999,781.141311671503,8609.490678227594,179.65953931775496
0.5,5.0,0.8999999999999999,804.9442513866652,8550.638217844398,242.2480097192932
0.5,6.0,0.0,135.83820642920364,7917.676800652396,165.44961357252012
0.5,6.0,0.1,1028.9406025151911,8909.345651385887,292.5432370924701
0.5,6.0,0.2,930.2516636477758,8815.808088364349,250.71746124253832
0.5,6.0,0.30000000000000004,1130.7160718704654,8831.642262560446,145.3967401731549
0.5,6.0,0.4,1019.4298036414366,8823.118381448598,178.4096551978559
0.5,6.0,0.5,838.1406169270522,8707.435811340049,221.04193946910965
0.5,6.0,0.6,842.7674250471446,8643.370226677069,228.62989907029566
0.5,6.0,0.7,889.4348565194687,8556.893615106464,103.999484009246
0.5,6.0,0.7999999999999999,757.1054022610879,8656.368887797764,220.97143220500297
0.5,6.0,0.8999999999999999,761.693677390369,8652.74668479616,241.8470354042786
0.5,7.0,0.0,47.8310296700929,7817.157997839571,134.89859500050144
0.5,7.0,0.1,835.6740018689634,8610.543262894025,157.7379428360349
0.5,7.0,0.2,853.4767711211643,8583.537864311724,150.9686499041205
0.5,7.0,0.30000000000000004,1098.6865134658965,8698.192741786626,35.84308044454517
0.5,7.0,0.4,735.9228020802639,8500.781718965425,212.28380878046906
0.5,7.0,0.5,882.6213756692705,8618.627928084292,185.80224715118987
0.5,7.0,0.6,646.3413789134229,8467.553284624475,207.71767281341184
0.5,7.0,0.7,704.0901302828061,8445.277452897662,273.29480096163553
0.5,7.0,0.7999999999999999,679.8886982172116,8408.509892248314,159.49579911396668
0.5,7.0,0.8999999999999999,837.1184197490293,8447.718870976896,46.6649886131605
0.5,8.0,0.0,36.65957075071856,7731.317743265095,109.32483834046009
0.5,8.0,0.1,905.9431273580103,8579.191965122778,129.11973573504267
0.5,8.0,0.2,936.3233090481408,8523.987037785791,50.34523353959934
0.5,8.0,0.30000000000000004,921.047817432891,8572.351874609703,66.33591330452793
0.5,8.0,0.4,776.5325993568222,8537.958465585627,160.4116858589419
0.5,8.0,0.5,949.6010032928734,8562.745163795058,78.0863680347841
0.5,8.0,0.6,820.1383315991025,8472.134254545465,68.20407689950514
0.5,8.0,0.7,859.685273319712,8560.777740046758,100.36414757056592
0.5,8.0,0.7999999999999999,711.9751383822095,8424.775171048246,163.4434982338307
0.5,8.0,0.8999999999999999,601.2996637314045,8361.925490773556,145.48627991684543
0.5,9.0,0.0,34.249348880802245,7686.035935671713,86.67041655538524
0.5,9.0,0.1,750.0949141679866,8436.286751642145,129.8710169163145
0.5,9.0,0.2,844.2553643393057,8525.281738634922,119.83712956053544
0.5,9.0,0.30000000000000004,928.8645133755726,8537.035444675344,63.436430107869064
0.5,9.0,0.4,918.7792299477387,8592.698805975737,104.10623771637388
0.5,9.0,0.5,797.5264409896317,8487.36075429277,88.6163817364284
0.5,9.0,0.6,737.2151504749381,8488.499300423422,128.65544947121273
0.5,9.0,0.7,661.0185961366769,8393.931190467762,142.2926466379736
0.5,9.0,0.7999999999999999,575.9780127026006,8238.593414243009,145.73049344407076
0.5,9.0,0.8999999999999999,595.6460040539114,8327.435811120282,134.51337374004277
0.6,1.0,0.0,6722.863729508756,15069.960822900448,473.32490925879733
0.6,1.0,0.1,9184.597544297161,17526.572166503593,591.3616219949957
0.6,1.0,0.2,8759.23337556191,16927.517607371636,482.7304000510444
0.6,1.0,0.30000000000000004,8398.179850880475,16552.50877098392,532.1921814125459
0.6,1.0,0.4,8395.552651933489,16599.92092904847,551.0215865362436
0.6,1.0,0.5,7653.263405025233,15793.4377880217,530.9979012961123
0.6,1.0,0.6,6120.111946990381,15134.496542119181,912.0363939277008
0.6,1.0,0.7,6112.341534083167,14885.336275832964,928.8177271671183
0.6,1.0,0.7999999999999999,7005.0369405935,14951.816863924378,263.42746316886587
0.6,1.0,0.8999999999999999,6649.697235899652,14526.96410865108,304.88624627841375
0.6,2.0,0.0,3064.376545283045,10934.623755177467,244.67951065233368
0.6,2.0,0.1,5826.188057652918,13722.513745251954,338.13465822969636
0.6,2.0,0.2,6043.211144759249,13748.662077273968,142.79414598614898
0.6,2.0,0.30000000000000004,5673.697811600956,14007.03328002966,502.27363388946696
0.6,2.0,0.4,4939.940171736671,13766.930888975412,801.1920973756246
0.6,2.0,0.5,4984.200369549742,13938.155716377998,870.6406185879454
0.6,2.0,0.6,5839.874735079438,14121.08198566962,429.24817254569945
0.6,2.0,0.7,5851.154216951458,14166.065079218235,738.081614692212
0.6,2.0,0.7999999999999999,3974.1668611097066,12934.007105232278,1071.63608042786
0.6,2.0,0.8999999999999999,3367.042542181249,11336.07987761019,495.5607989592153
0.6,3.0,0.0,1408.8718935727065,9160.866071673712,159.27602813616335
0.6,3.0,0.1,2295.7605843479996,10961.301999755393,783.4350164870889
0.6,3.0,0.2,3577.487867600188,11451.610911161002,235.85127307692167
0.6,3.0,0.30000000000000004,3425.061854257987,11500.977329173757,499.5909578527743
0.6,3.0,0.4,4280.708625796775,12053.893984116308,230.96224661760735
0.6,3.0,0.5,3541.2039064025175,11823.68332941826,577.5462106782419
0.6,3.0,0.6,3613.0627135443756,11899.737904618238,544.3850356907508
0.6,3.0,0.7,4036.6232281465764,12132.649646577502,476.16595879199303
0.6,3.0,0.7999999999999999,3714.549177833447,12133.720289847037,778.1471464662002
0.6,3.0,0.8999999999999999,4114.620041049975,12183.43386345022,407.4538875847208
0.6,4.0,0.0,862.6582129816652,8564.194243661148,91.23249429109264
0.6,4.0,0.1,2189.0746782447804,9983.315066044026,209.15059544218667
0.6,4.0,0.2,2409.245862125108,10371.58325536542,409.06546997226883
0.6,4.0,0.30000000000000004,2679.577360290852,10459.524706996273,209.93879425281702
0.6,4.0,0.4,2601.4478464896347,10533.62841937713,326.66830825691574
0.6,4.0,0.5,2799.285192855443,10780.81581745337,335.4675599870815
0.6,4.0,0.6,3206.8399387504887,11076.479619237938,320.1722648599626
0.6,4.0,0.7,3047.5303135304457,10818.385914129427,193.04421938394265
0.6,4.0,0.7999999999999999,2203.250655159456,10424.557693800904,581.1876422766173
0.6,4.0,0.8999999999999999,2560.818840645603,10586.224762434806,629.4608417375675
0.6,5.0,0.0,472.81874507207067,8125.412008860924,69.4228142391881
0.6,5.0,0.1,1086.338553983489,9083.510225099108,291.7748382932323
0.6,5.0,0.2,1615.912223457888,9478.599146354445,202.93570982456757
0.6,5.0,0.30000000000000004,1603.3169460507124,9457.115683607199,308.97659559688526
0.6,5.0,0.4,2033.1486453497,9805.99029949292,218.51255211592746
0.6,5.0,0.5,1768.1601070001834,9746.462826277791,413.89708091270563
0.6,5.0,0.6,1848.7074628308474,10016.618711237777,359.4731857260131
0.6,5.0,0.7,1851.8962012227585,9962.884148512127,514.5845117982801
0.6,5.0,0.7999999999999999,2109.687432242594,9937.593956331793,245.46667114863325
0.6,5.0,0.8999999999999999,1714.8016423052304,9938.18450659973,572.7036892849748
0.6,6.0,0.0,179.13636353164293,7928.150719814422,135.31515258496896
0.6,6.0,0.1,874.765922518227,9049.223923567095,360.0399053662024
0.6,6.0,0.2,1059.0087634916817,9241.7691770477,409.1741299227729
0.6,6.0,0.30000000000000004,1446.4672894196574,9307.356024056582,409.6650457639375
0.6,6.0,0.4,1533.8146109420086,9425.66611299046,218.34239832400107
0.6,6.0,0.5,1658.6357341072126,9440.568228699009,255.469065326116
0.6,6.0,0.6,1585.1709855744284,9564.80184431033,297.61407824599763
0.6,6.0,0.7,1406.263786176325,9310.961947737409,336.5079576082696
0.6,6.0,0.7999999999999999,1688.1477162615138,9507.866541360348,211.27552953435958
0.6,6.0,0.8999999999999999,1321.3813047552521,9274.044918724816,356.77466035936027
0.6,7.0,0.0,174.52348331780922,7804.537837007996,72.10280319456194
0.6,7.0,0.1,969.9649331775399,8709.460230102104,128.55459578643908
0.6,7.0,0.2,1102.4004145902145,8870.430598202875,225.21940982073681
0.6,7.0,0.30000000000000004,1233.684777173541,9103.853322068442,200.37106421785228
0.6,7.0,0.4,1160.7024497488164,9073.806158759822,317.82980969909397
0.6,7.0,0.5,1588.6547811060555,9210.780122423379,115.79755761541986
0.6,7.0,0.6,1317.4088653466206,9253.03288128522,290.04493799375757
0.6,7.0,0.7,1089.4079360761352,8994.398568286988,252.06174592845284
0.6,7.0,0.7999999999999999,1251.7215168814837,8967.967387015107,191.16218261416128
0.6,7.0,0.8999999999999999,1246.243027024635,8921.202036002884,142.39424201932647
0.6,8.0,0.0,216.14906153558877,7819.7433310281085,47.80989583624872
0.6,8.0,0.1,1080.456761362615,8666.976176942439,36.77835235155688
0.6,8.0,0.2,673.0761261703683,8584.053761946036,238.417005836539
0.6,8.0,0.30000000000000004,1039.8163388276243,8737.936469891749,156.55176277173229
0.6,8.0,0.4,1278.3010315692118,9030.194630264741,151.79122012321187
0.6,8.0,0.5,1319.4525730612058,8882.015561940752,18.37062196745029
0.6,8.0,0.6,1203.1839881026717,8957.070783771183,162.44354037769645
0.6,8.0,0.7,1091.777128459873,8829.940013101845,164.86062199638562
0.6,8.0,0.7999999999999999,1176.7039802166692,8863.480393722046,159.05124561000557
0.6,8.0,0.8999999999999999,1125.955468223321,8739.41595616012,64.57684887914911
0.6,9.0,0.0,28.49707202589161,7687.1529631444655,77.92373828257246
0.6,9.0,0.1,716.4155462747367,8440.710820631592,180.81291185445127
0.6,9.0,0.2,934.6400914739479,8561.887712665919,85.02452113098292
0.6,9.0,0.30000000000000004,965.4366511957978,8713.221842499328,168.9499763082779
0.6,9.0,0.4,1020.6323950062979,8733.307300219727,189.78652328187886
0.6,9.0,0.5,871.1891457796046,8609.783404248048,132.4013393369204
0.6,9.0,0.6,1018.8427481375129,8689.53325014688,111.3544051766
0.6,9.0,0.7,1070.2831844575812,8755.355648637857,130.46720909645194
0.6,9.0,0.7999999999999999,1135.4342995342176,8862.688542058015,123.49258730969846
0.6,9.0,0.8999999999999999,858.2467043383003,8608.936971116213,120.98154153305597
0.7,1.0,0.0,6741.060873888053,15216.725588474586,568.9966965874482
0.7,1.0,0.1,8240.994346556547,16419.776330453937,483.9798716127287
0.7,1.0,0.2,7428.587664872506,16019.883228518986,685.9441145903604
0.7,1.0,0.30000000000000004,7210.970533318123,15318.448010685783,668.2934312640122
0.7,1.0,0.4,7406.912958100584,15638.895423353979,477.73952459498946
0.7,1.0,0.5,6660.845177020261,14771.623205203066,499.7952310497917
0.7,1.0,0.6,7663.525326031651,15547.174214277493,245.2158310394096
0.7,1.0,0.7,7044.418152012007,15702.928715973825,651.9109428801239
0.7,1.0,0.7999999999999999,6998.258259374485,15067.008206908404,407.05546339215414
0.7,1.0,0.8999999999999999,7350.731466982046,15044.282171158813,93.47777116881647
0.7,2.0,0.0,3019.926910491953,10932.15769376208,251.07017832907894
0.7,2.0,0.1,4960.864810570198,13493.681306641689,764.6132744541558
0.7,2.0,0.2,5617.527534185247,13414.387749502266,219.7156526888286
0.7,2.0,0.30000000000000004,5231.5224401861615,13401.992179569483,412.3267118420072
0.7,2.0,0.4,5089.469594137394,13368.84400716301,691.8207958479605
0.7,2.0,0.5,5476.97044455697,13647.632583931434,443.1973321493419
0.7,2.0,0.6,5902.348336676667,13747.729743237443,219.64923066168473
0.7,2.0,0.7,5506.9775822833435,13605.293059384521,579.1417915142672
0.7,2.0,0.7999999999999999,5654.2836713949055,13523.42401339908,280.79697301279685
0.7,2.0,0.8999999999999999,5226.405964401632,13606.790544502637,572.2562429433499
0.7,3.0,0.0,1547.6071468564714,9323.734539555711,141.53627679502003
0.7,3.0,0.1,2961.421110039464,10901.235123572713,279.60305687589465
0.7,3.0,0.2,3403.54822381946,11629.59631549178,543.5993337991675
0.7,3.0,0.30000000000000004,3380.3366105465684,11447.691639459981,417.3083732930439
0.7,3.0,0.4,3492.002923507065,11742.455517062579,479.85775772377116
0.7,3.0,0.5,4244.919830995044,12198.341417431562,391.20022021269295
0.7,3.0,0.6,3490.1727814301576,11771.402419701555,439.13588801491994
0.7,3.0,0.7,3939.439514954647,12067.835610553224,597.2646797735988
0.7,3.0,0.7999999999999999,4029.2039980867976,12088.844397452807,426.59674123572773
0.7,3.0,0.8999999999999999,4006.427735621006,12428.754760733373,508.81429822298213
0.7,4.0,0.0,500.9297018871812,8379.599516155971,192.85180141479168
0.7,4.0,0.1,2141.2756050688677,9986.162910893365,259.45863770229244
0.7,4.0,0.2,1859.945128846448,9890.487231324869,483.0753747632899
0.7,4.0,0.30000000000000004,2491.3826632450873,10640.13521131817,352.42982813973833
0.7,4.0,0.4,2974.1572512905477,10737.815842947417,235.0120756973959
0.7,4.0,0.5,2854.478886639421,10681.737501924126,242.25056418876238
0.7,4.0,0.6,2705.2702450339275,10841.23986285718,355.5695657805204
0.7,4.0,0.7,2989.61978980375,11024.626789582046,382.2458258722571
0.7,4.0,0.7999999999999999,3013.942073062046,11228.018083500245,573.1732822504921
0.7,4.0,0.8999999999999999,2779.4596467850333,11058.061067441988,423.85018876335465
0.7,5.0,0.0,575.2074955493763,8180.496611852073,47.798743222556936
0.7,5.0,0.1,1580.8262953041667,9621.669510693406,282.5470602930868
0.7,5.0,0.2,1324.3566134605026,9610.41793580107,446.10575485063333
0.7,5.0,0.30000000000000004,1311.3481479853144,9331.16404440396,289.8589062692353
0.7,5.0,0.4,2313.4232886039754,10088.659709418675,222.1132062812795
0.7,5.0,0.5,2262.7444591270414,10082.699897890467,190.033663122376
0.7,5.0,0.6,1603.973136928913,10027.977130082625,551.0925505426804
0.7,5.0,0.7,1787.1768178307157,10171.773202086755,506.85487328280004
0.7,5.0,0.7999999999999999,2260.663672740471,10245.452937618862,425.86405241841607
0.7,5.0,0.8999999999999999,2487.2791730936897,10470.095171596131,401.97355193346846
0.7,6.0,0.0,340.7942300612376,8002.725939724332,92.74305122001125
0.7,6.0,0.1,1111.2215819325393,8914.620580483932,189.15022540152077
0.7,6.0,0.2,1208.6536243558621,9103.978795517554,315.9665958830249
0.7,6.0,0.30000000000000004,1415.5013546769715,9099.959287767053,120.65487406600468
0.7,6.0,0.4,1476.430749511368,9568.880496330288,328.41757296633835
0.7,6.0,0.5,1632.1028884711504,9597.36439758885,297.43224195463443
0.7,6.0,0.6,1661.087692197645,9372.535104142284,185.69199355608848
0.7,6.0,0.7,1729.072125248873,9646.347723700645,301.0805282508427
0.7,6.0,0.7999999999999999,1926.8006339538551,9901.320432350503,253.6712143179408
0.7,6.0,0.8999999999999999,1830.630551461798,9608.354188504167,167.62484998343334
0.7,7.0,0.0,127.99359354355147,7851.534353399616,114.8476578254118
0.7,7.0,0.1,947.9375359334936,8612.907484059995,147.48923639426653
0.7,7.0,0.2,1333.9974651379162,9059.828043906999,245.47890433257072
0.7,7.0,0.30000000000000004,1215.346977517629,8877.276315190184,111.63311413763134
0.7,7.0,0.4,1504.8422113660217,9123.158982957832,71.54341053723081
0.7,7.0,0.5,1143.752332443546,9060.970200407482,286.80903873402735
0.7,7.0,0.6,1419.8166874481904,9343.58416125358,355.4147506148901
0.7,7.0,0.7,1089.6366037506086,9158.13981195535,328.6713339592893
0.7,7.0,0.7999999999999999,1872.7250369356861,9623.107772853682,168.32160505504922
0.7,7.0,0.8999999999999999,1420.8031759968435,9322.518899335317,433.29916789301234
0.7,8.0,0.0,217.60678586518588,7842.886097298868,67.29447400226006
0.7,8.0,0.1,836.0352513453272,8662.801497563172,237.31500138424408
0.7,8.0,0.2,947.8834025764263,8667.584441324247,170.02725813900415
0.7,8.0,0.30000000000000004,1273.9490910567965,8910.397003794233,86.76320253116502
0.7,8.0,0.4,900.257229950379,8660.560466749916,250.12284468824768
0.7,8.0,0.5,1025.5782297086826,8788.445558653986,215.62107524504438
0.7,8.0,0.6,1003.7916865222251,8851.126264666267,214.33461648188919
0.7,8.0,0.7,1120.9882685299635,9194.723150471898,340.62711096784466
0.7,8.0,0.7999999999999999,1155.5638277532362,8989.86779120017,286.82472876752075
0.7,8.0,0.8999999999999999,1342.5724809684489,9202.834850981955,353.9186724213259
0.7,9.0,0.0,132.2464653775569,7800.363447862415,81.31952026955004
0.7,9.0,0.1,830.9639861592404,8544.981532394802,134.2167666927261
0.7,9.0,0.2,983.4654469842772,8728.437192112951,191.1887326874538
0.7,9.0,0.30000000000000004,889.4012874053478,8543.109755157187,125.9202339408083
0.7,9.0,0.4,1019.9237120475391,8867.338901929481,177.41686032456093
0.7,9.0,0.5,1150.3780082177745,8817.987288214152,110.14827868442228
0.7,9.0,0.6,1193.0799634182058,9010.797131413614,171.84530203871304
0.7,9.0,0.7,946.864901346542,8756.942855788204,167.4577374581626
0.7,9.0,0.7999999999999999,846.3114137516659,8901.891374812352,464.88544473680173
0.7,9.0,0.8999999999999999,1349.2049551335513,9100.799322197956,156.2192569110496
0.7999999999999999,1.0,0.0,7329.450178677056,15261.660196551475,305.4401019683398
0.7999999999999999,1.0,0.1,7448.3945260726705,16264.876737811705,835.6227093332623
0.7999999999999999,1.0,0.2,7759.112640433714,15837.214011967428,427.5549866982485
0.7999999999999999,1.0,0.30000000000000004,6921.420093048735,15218.577405431453,501.884267646633
0.7999999999999999,1.0,0.4,7298.56496541884,15429.171234654661,402.48121332567507
0.7999999999999999,1.0,0.5,7519.569147470271,15463.367299172987,394.4305011262552
0.7999999999999999,1.0,0.6,6970.777959019686,15005.074936778798,512.2871067078302
0.7999999999999999,1.0,0.7,7160.097748620114,15265.012344356304,460.19537603563634
0.7999999999999999,1.0,0.7999999999999999,6430.941868225656,14736.206803635634,428.7962341824968
0.7999999999999999,1.0,0.8999999999999999,7152.241785300535,15163.655165720407,433.71630989291276
0.7999999999999999,2.0,0.0,2812.280039088966,10774.597699640146,293.73300191319225
0.7999999999999999,2.0,0.1,5477.831711356834,13642.064554315177,455.4335322650903
0.7999999999999999,2.0,0.2,5658.9172842251955,13469.301379095132,258.7558433673658
0.7999999999999999,2.0,0.30000000000000004,5647.763661024663,13535.120177201481,350.74496245417333
0.7999999999999999,2.0,0.4,4951.64901830288,13276.014685539525,737.2022398643526
0.7999999999999999,2.0,0.5,5039.625377585611,13378.542512583106,737.7345071392148
0.7999999999999999,2.0,0.6,5062.294982759269,13112.746073807244,465.5659279217197
0.7999999999999999,2.0,0.7,4533.7700844191695,12706.52601402041,530.7134767015779
0.7999999999999999,2.0,0.7999999999999999,4646.472325388197,13195.169860782089,988.9196318043948
0.7999999999999999,2.0,0.8999999999999999,4519.555928221684,12601.406070553041,375.9355279198296
0.7999999999999999,3.0,0.0,1408.2310761605277,9230.80332056739,186.6980213242982
0.7999999999999999,3.0,0.1,3141.2595561124726,11247.312225188029,385.4543562477544
0.7999999999999999,3.0,0.2,3248.0612825223307,11215.571843938285,405.62199050630795
0.7999999999999999,3.0,0.30000000000000004,3711.945303830469,11907.06215610339,509.56537854965836
0.7999999999999999,3.0,0.4,3690.3501516375945,11649.730288831795,305.6436166266706
0.7999999999999999,3.0,0.5,3838.744970709193,11612.762028947142,296.6675726300065
0.7999999999999999,3.0,0.6,3851.4672317769073,11942.092157440884,348.41943401787233
0.7999999999999999,3.0,0.7,3832.087853874995,11623.84530316823,260.47186494211
0.7999999999999999,3.0,0.7999999999999999,4275.693367781174,12140.09509753389,253.078564302431
0.7999999999999999,3.0,0.8999999999999999,4321.321115739576,12043.538929659624,171.75657702531268
0.7999999999999999,4.0,0.0,708.8756916313796,8553.841839991326,196.52900053252617
0.7999999999999999,4.0,0.1,2445.9282947237807,10335.131978291156,262.64565858168606
0.7999999999999999,4.0,0.2,2420.73633880092,10457.386871241715,367.31781974252243
0.7999999999999999,4.0,0.30000000000000004,2558.890210242158,10650.019016231337,314.60676126481195
0.7999999999999999,4.0,0.4,2409.592943105057,10509.033016739055,428.93073734631935
0.7999999999999999,4.0,0.5,2866.499339050406,10880.33985511417,374.077038329623
0.7999999999999999,4.0,0.6,2974.604050433927,10841.408783196366,252.26434869583153
0.7999999999999999,4.0,0.7,2545.780357091742,10573.30555294503,279.9324919376664
0.7999999999999999,4.0,0.7999999999999999,3152.7297199826244,11107.665870761355,381.6092088174334
0.7999999999999999,4.0,0.8999999999999999,3212.5884356516035,10960.84339598487,290.6747784595169
0.7999999999999999,5.0,0.0,528.395139966874,8126.133261905019,70.0202750539932
0.7999999999999999,5.0,0.1,1881.596257837682,9571.879741829125,93.6096110500555
0.7999999999999999,5.0,0.2,2101.690257074515,9824.214052210731,182.80960655782062
0.7999999999999999,5.0,0.30000000000000004,1933.6073042317712,9804.119353018903,290.0252383371072
0.7999999999999999,5.0,0.4,1948.2792427802742,10111.74277983085,542.656468874556
0.7999999999999999,5.0,0.5,2125.702073364144,10049.825198917119,294.11879165218033
0.7999999999999999,5.0,0.6,1999.622037529034,10141.166020237239,417.5623508289041
0.7999999999999999,5.0,0.7,1808.9990750567667,9776.317885442286,418.8694966514701
0.7999999999999999,5.0,0.7999999999999999,2309.790420344383,10250.82481430788,324.60114150991024
0.7999999999999999,5.0,0.8999999999999999,2562.2587642803283,10499.676772914087,375.640303854273
0.7999999999999999,6.0,0.0,276.8925408519681,7995.439972421792,121.46153218742575
0.7999999999999999,6.0,0.1,1120.2212493168681,8974.786386463567,199.88134207811285
0.7999999999999999,6.0,0.2,1383.2468371977357,9141.34198433458,220.69680699034507
0.7999999999999999,6.0,0.30000000000000004,1331.8017612535368,9214.035081499744,281.57608883739846
0.7999999999999999,6.0,0.4,1203.3995752120609,9436.977935274099,540.1935192476288
0.7999999999999999,6.0,0.5,1122.7261611467911,9234.998541332905,391.7546172346179
0.7999999999999999,6.0,0.6,1706.3851759928148,9591.462199362351,337.1303721466308
0.7999999999999999,6.0,0.7,2226.0712724614314,10047.643011566175,189.4151681627311
0.7999999999999999,6.0,0.7999999999999999,2092.7708652365873,9719.483750512507,75.39571068143968
0.7999999999999999,6.0,0.8999999999999999,1605.8364318156218,9821.256156747328,492.6438207876529
0.7999999999999999,7.0,0.0,295.82724214364407,7920.2434320928305,68.85615976175676
0.7999999999999999,7.0,0.1,1013.1004688295579,8845.940850734718,238.91079502252157
0.7999999999999999,7.0,0.2,1335.4992194930473,9102.571624246955,183.08203328647812
0.7999999999999999,7.0,0.30000000000000004,985.1165365999259,9046.198129827833,308.03946146687326
0.7999999999999999,7.0,0.4,1348.2136246997015,9235.649393604413,343.12205133085166
0.7999999999999999,7.0,0.5,1396.5716837571017,9066.490565057937,149.55031056182088
0.7999999999999999,7.0,0.6,1440.3225183476152,9459.02860509603,338.74635490264234
0.7999999999999999,7.0,0.7,1265.8813240756044,9229.887448448624,397.206892561153
0.7999999999999999,7.0,0.7999999999999999,1136.6756375150544,9347.941322813671,462.50755816238245
0.7999999999999999,7.0,0.8999999999999999,1589.935534646822,9367.119769623867,250.15293086513503
0.7999999999999999,8.0,0.0,13.401175071870057,7802.267811589859,148.00898662370298
0.7999999999999999,8.0,0.1,906.2535035237615,8667.772124095247,196.59900853045775
0.7999999999999999,8.0,0.2,935.7753992356411,8750.464014040917,167.68326015789913
0.7999999999999999,8.0,0.30000000000000004,962.4321835819064,8789.415045571737,250.86610343251988
0.7999999999999999,8.0,0.4,1169.4994616960757,9020.072679763784,243.54338055003709
0.7999999999999999,8.0,0.5,1293.4675044478954,9065.075665110271,215.25581361892964
0.7999999999999999,8.0,0.6,1137.6090987699918,9126.054746053955,310.04600383072994
0.7999999999999999,8.0,0.7,1106.9135765020965,8998.836855554031,308.8974908670219
0.7999999999999999,8.0,0.7999999999999999,1213.9496172254276,9373.789207182157,400.2498657185557
0.7999999999999999,8.0,0.8999999999999999,1441.4331118431692,9300.938112762324,327.5162959409761
0.7999999999999999,9.0,0.0,121.58512849586441,7762.140862487703,135.68963542875687
0.7999999999999999,9.0,0.1,839.4273841012073,8554.818144633235,180.11233283275814
0.7999999999999999,9.0,0.2,658.5063649130298,8591.597917287825,229.6459230524196
0.7999999999999999,9.0,0.30000000000000004,1157.2221092305172,8793.006163726785,88.83764859544503
0.7999999999999999,9.0,0.4,995.9578022350579,8864.591210976776,206.27834472378765
0.7999999999999999,9.0,0.5,1195.6543503705543,8915.471962015932,181.04983040179798
0.7999999999999999,9.0,0.6,1206.5062129465186,9080.804216873175,318.2333963912297
0.7999999999999999,9.0,0.7,1339.483770753557,9085.226309011627,146.68006287322046
0.7999999999999999,9.0,0.7999999999999999,1338.0197513568492,9087.89153181873,232.43242273844976
0.7999999999999999,9.0,0.8999999999999999,1693.5598356630617,9634.82495145386,263.09647671341554
0.8999999999999999,1.0,0.0,6835.577308757633,15278.803349199947,594.8202322970552
0.8999999999999999,1.0,0.1,8228.956593256824,16492.671256512607,624.4610344127191
0.8999999999999999,1.0,0.2,7499.98242216072,16096.278644023238,713.388304271515
0.8999999999999999,1.0,0.30000000000000004,7495.321299300071,15567.80364852177,415.61021913615343
0.8999999999999999,1.0,0.4,7193.961616158062,15483.523397516808,651.4729725790936
0.8999999999999999,1.0,0.5,7468.381025728211,15309.269662323946,448.7612128341116
0.8999999999999999,1.0,0.6,6448.115048207441,15146.764338448695,709.8125269425833
0.8999999999999999,1.0,0.7,6124.9472800337135,15063.966066253892,850.7036797369084
0.8999999999999999,1.0,0.7999999999999999,7080.995344052055,14935.994969873935,205.9062335046687
0.8999999999999999,1.0,0.8999999999999999,7221.298385026439,15132.21664595875,478.7601482177638
0.8999999999999999,2.0,0.0,3038.886365776034,10945.727517904566,337.4137613387185
0.8999999999999999,2.0,0.1,5236.1891116717325,13254.87792772989,428.32154024124884
0.8999999999999999,2.0,0.2,4753.849734038438,13107.839506324846,585.066694692322
0.8999999999999999,2.0,0.30000000000000004,5169.4921874476095,13322.799075822419,584.3789437264928
0.8999999999999999,2.0,0.4,4642.077430713367,13113.362988922021,671.2649691472144
0.8999999999999999,2.0,0.5,3465.2801095586256,12444.53311303533,862.8909436277324
0.8999999999999999,2.0,0.6,4725.720053803641,13065.42177278058,502.5556348038188
0.8999999999999999,2.0,0.7,4732.076837687931,12874.042471304385,411.0955173287179
0.8999999999999999,2.0,0.7999999999999999,4725.40539950154,12951.0479384228,660.1255391189105
0.8999999999999999,2.0,0.8999999999999999,3850.1035398251424,12302.206018036948,609.7626683396602
0.8999999999999999,3.0,0.0,1433.7048188192039,9279.506277918807,272.994834057523
0.8999999999999999,3.0,0.1,3351.1696943078514,11469.171918507545,490.53397396673006
0.8999999999999999,3.0,0.2,3542.054056335959,11450.892172891336,328.4405274355722
0.8999999999999999,3.0,0.30000000000000004,3186.054708276106,11474.427276102138,488.15227421901596
0.8999999999999999,3.0,0.4,4091.3310119023317,11802.107691826746,190.24242993016094
0.8999999999999999,3.0,0.5,3945.2455377564274,11851.808024540864,239.79676432044846
0.8999999999999999,3.0,0.6,3214.8505698783465,11809.343140682007,796.625357594609
0.8999999999999999,3.0,0.7,3435.6385934689315,11867.12415023926,528.5471031354037
0.8999999999999999,3.0,0.7999999999999999,3371.7597977774967,11544.848530741892,454.39983818491214
0.8999999999999999,3.0,0.8999999999999999,3248.610961429249,11953.689056943806,777.7405486571915
0.8999999999999999,4.0,0.0,591.1852107081368,8436.447944305422,233.62766277273585
0.8999999999999999,4.0,0.1,2426.16623440026,10298.946144452204,257.18410979941973
0.8999999999999999,4.0,0.2,2502.7075583600126,10577.764632357888,350.7997441141419
0.8999999999999999,4.0,0.30000000000000004,2960.296143263038,10684.707593926723,153.70455789370732
0.8999999999999999,4.0,0.4,2525.2426720783387,10608.916287732965,462.72264695103837
0.8999999999999999,4.0,0.5,2213.032948547925,10799.582580942386,626.1062900194253
0.8999999999999999,4.0,0.6,3097.4071302333978,10909.70013619818,228.47817675741763
0.8999999999999999,4.0,0.7,2728.5473741353217,10636.280567103153,345.01036247422917
0.8999999999999999,4.0,0.7999999999999999,2669.2497398515734,10954.930574942247,565.3726905359592
0.8999999999999999,4.0,0.8999999999999999,3140.6552992838588,11112.436621265155,279.4298111294603
0.8999999999999999,5.0,0.0,464.3503938451877,8161.815180613242,107.69910971653344
0.8999999999999999,5.0,0.1,1267.3984362669216,9263.732624032034,359.26223135462186
0.8999999999999999,5.0,0.2,1488.1369391510507,9720.159970081668,502.5470597858253
0.8999999999999999,5.0,0.30000000000000004,1830.426378299955,9782.757860786582,355.9897711674644
0.8999999999999999,5.0,0.4,2079.2414601208693,10041.41024267372,271.08437269122464
0.8999999999999999,5.0,0.5,2123.9027599015753,9992.64502004317,254.4687842783391
0.8999999999999999,5.0,0.6,1893.4977422046722,10254.997786495718,503.2638145279716
0.8999999999999999,5.0,0.7,1936.0666054338908,10394.940416338819,528.8331295137508
0.8999999999999999,5.0,0.7999999999999999,2409.0665591265424,10243.592205970075,284.2167464189259
0.8999999999999999,5.0,0.8999999999999999,2756.373415367576,10425.179708317399,136.2671162064887
0.8999999999999999,6.0,0.0,318.64385584769843,8031.644809585522,124.99749555772667
0.8999999999999999,6.0,0.1,1201.3566217709122,9038.583364022918,349.3600006996866
0.8999999999999999,6.0,0.2,1241.7773996419874,9130.37892301703,249.43523252034572
0.8999999999999999,6.0,0.30000000000000004,1718.176715659196,9518.613925973868,272.9201144430725
0.8999999999999999,6.0,0.4,1332.5889607207482,9675.992198335434,458.293458986456
0.8999999999999999,6.0,0.5,1432.6055943560514,9413.769753449596,313.62781397743476
0.8999999999999999,6.0,0.6,1590.062439422798,9504.015233141741,251.648082740657
0.8999999999999999,6.0,0.7,1768.9028087314164,9585.16099628167,359.9447860869039
0.8999999999999999,6.0,0.7999999999999999,1627.4877125836756,9889.259428484202,518.0558358279143
0.8999999999999999,6.0,0.8999999999999999,2318.854388165859,10105.46576387078,339.37396377611975
0.8999999999999999,7.0,0.0,244.74882597997748,7880.5959541917,125.46254477542917
0.8999999999999999,7.0,0.1,986.661536496862,8774.970310430943,148.34978920197574
0.8999999999999999,7.0,0.2,780.5557884937389,8635.2893059085,230.65301349454012
0.8999999999999999,7.0,0.30000000000000004,1383.6948079442518,9106.637824733474,151.78002930148503
0.8999999999999999,7.0,0.4,1181.8128419288878,9299.418259426311,390.7479823421519
0.8999999999999999,7.0,0.5,1417.084307462912,9164.032022642958,232.57921886402332
0.8999999999999999,7.0,0.6,1311.6555126988133,9447.839026112928,439.2259902827542
0.8999999999999999,7.0,0.7,1186.4094275673342,9509.391828091359,532.1304612343235
0.8999999999999999,7.0,0.7999999999999999,1538.8027157448923,9691.032214507366,456.77703080829906
0.8999999999999999,7.0,0.8999999999999999,1912.910495502736,9714.259545135075,309.0352484112824
0.8999999999999999,8.0,0.0,133.5189869785736,7841.622063896332,120.37349061549266
0.8999999999999999,8.0,0.1,1106.5864845868946,8844.468358687085,195.89001528102293
0.8999999999999999,8.0,0.2,976.712781926366,8908.00781276364,292.68484560227677
0.8999999999999999,8.0,0.30000000000000004,796.6415168733874,9033.452298527429,417.79486105174186
0.8999999999999999,8.0,0.4,884.1173227406216,8998.138114706637,437.70446697903617
0.8999999999999999,8.0,0.5,935.1679943914187,8964.33553586271,447.837640775108
0.8999999999999999,8.0,0.6,1210.014191418879,9050.42523209871,252.64558886974024
0.8999999999999999,8.0,0.7,1612.55384703635,9408.523385676908,294.81795387450353
0.8999999999999999,8.0,0.7999999999999999,1402.5128943960008,9474.92596525871,346.7348360297935
0.8999999999999999,8.0,0.8999999999999999,1637.5048302689393,9678.397748728903,318.89517290158824
0.8999999999999999,9.0,0.0,86.35816829865325,7747.305096216237,116.4178326145248
0.8999999999999999,9.0,0.1,907.3075371088507,8654.598231022495,189.23027667953525
0.8999999999999999,9.0,0.2,798.6233854987786,8704.731723476878,269.39175920584563
0.8999999999999999,9.0,0.30000000000000004,1083.4149742843874,8839.675335087893,174.15997294891235
0.8999999999999999,9.0,0.4,1041.5163350383355,8734.157486336462,162.40189144711337
0.8999999999999999,9.0,0.5,930.2732457697584,8855.79051620319,327.0944972591034
0.8999999999999999,9.0,0.6,914.112070695257,8861.701931538342,334.339210193007
0.8999999999999999,9.0,0.7,1236.431672689152,8939.81468410539,112.40669433332681
0.8999999999999999,9.0,0.7999999999999999,1290.9821198545014,9076.586076131649,334.09542346255387
0.8999999999999999,9.0,0.8999999999999999,1430.1349818776962,9130.544652554747,154.70386017223743
